id	name	formula	charge
Biomass	Biomass	R	0
cpd_10fthf	10-Formyltetrahydrofolate	C20H21N7O7	-2
cpd_12dag3p	1,2-Diacyl-sn-glycerol 3-phosphate	C5H5O8PR2	-2
cpd_12dgr	1,2-Diacylglycerol	C5H6O5R2	0
cpd_13dpg	3-Phospho-D-glyceroyl phosphate	C3H4O10P2	-4
cpd_1ap2ol	1-Aminopropan-2-ol	C3H10NO	1
cpd_1pyr5c	1-Pyrroline-5-carboxylate	C5H6NO2	-1
cpd_23dhdp	2,3-Dihydrodipicolinate	C7H5NO4	-2
cpd_23dhmb	(R)-2,3-Dihydroxy-3-methylbutanoate	C5H9O4	-1
cpd_23dhmp	(R)-2,3-Dihydroxy-3-methylpentanoate	C6H11O4	-1
cpd_25aics	(S)-2-[5-Amino-1-(5-phospho-D-ribosyl)imidazole-4-carboxamido]succinate	C13H15N4O12P	-4
cpd_25dhpp	2,5-Diamino-6-hydroxy-4-(5'-phosphoribosylamino)-pyrimidine	C9H14N5O8P	-2
cpd_26dap-LL	LL-2,6-Diaminoheptanedioate	C7H14N2O4	0
cpd_26dap-M	meso-2,6-Diaminoheptanedioate	C7H14N2O4	0
cpd_2ahbut	(S)-2-Aceto-2-hydroxybutanoate	C6H9O4	-1
cpd_2ahhmd	2-Amino-4-hydroxy-6-hydroxymethyl-7,8-dihydropteridine diphosphate	C7H8N5O8P2	-3
cpd_2ahhmp	2-Amino-4-hydroxy-6-hydroxymethyl-7,8-dihydropteridine	C7H9N5O2	0
cpd_2aobut	L-2-Amino-3-oxobutanoate	C4H7NO3	0
cpd_2cpr5p	1-(2-Carboxyphenylamino)-1-deoxy-D-ribulose 5-phosphate	C12H13NO9P	-3
cpd_2dda7p	2-Dehydro-3-deoxy-D-arabino-heptonate 7-phosphate	C7H10O10P	-3
cpd_2ddg6p	2-Dehydro-3-deoxy-D-gluconate 6-phosphate	C6H8O9P	-3
cpd_2dhp	2-Dehydropantoate	C6H9O4	-1
cpd_2dmmq7	2-Demethylmenaquinone 7	C45H62O2	0
cpd_2dr1p	2-Deoxy-D-ribose 1-phosphate	C5H9O7P	-2
cpd_2dr5p	2-Deoxy-D-ribose 5-phosphate	C5H9O7P	-2
cpd_2h3opp	2-Hydroxy-3-oxopropanoate	C3H3O4	-1
cpd_2ippm	2-Isopropylmaleate	C7H8O4	-2
cpd_2kmb	2-keto-4-methylthiobutyrate	C5H7O3S	-1
cpd_2maacoa	2-Methylacetoacetyl-CoA	C26H38N7O18P3S	-4
cpd_2mahmp	2-Methyl-4-amino-5-hydroxymethylpyrimidine diphosphate	C6H8N3O7P2	-3
cpd_2mb2coa	2-Methylbut-2-enoyl-CoA	C26H38N7O17P3S	-4
cpd_2mbcoa	2-Methylbutanoyl-CoA	C26H40N7O17P3S	-4
cpd_2mcacn	cis-2-Methylaconitate	C7H5O6	-3
cpd_2mcit	2-Hydroxybutane-1,2,3-tricarboxylate	C7H7O7	-3
cpd_2me4p	2-C-methyl-D-erythritol 4-phosphate	C5H11O7P	-2
cpd_2mecdp	2-C-methyl-D-erythritol 2,4-cyclodiphosphate	C5H10O9P2	-2
cpd_2mp2coa	2-Methylprop-2-enoyl-CoA	C25H36N7O17P3S	-4
cpd_2obut	2-Oxobutanoate	C4H5O3	-1
cpd_2ohph	2-Octaprenyl-6-hydroxyphenol	C46H70O2	0
cpd_2ombzl	2-Octaprenyl-6-methoxy-1,4-benzoquinol	C47H72O3	0
cpd_2omhmbl	2-Octaprenyl-3-methyl-5-hydroxy-6-methoxy-1,4-benzoquinol	C48H74O4	0
cpd_2ommbl	2-Octaprenyl-3-methyl-6-methoxy- 1,4-benzoquinol	C48H74O3	0
cpd_2omph	2-Octaprenyl-6-methoxyphenol	C47H72O2	0
cpd_2oph	2-Octaprenylphenol	C46H70O	0
cpd_2p4c2me	2-phospho-4-(cytidine 5'-diphospho)-2-C-methyl-D-erythritol	C14H22N3O17P3	-4
cpd_2pg	D-Glycerate 2-phosphate	C3H4O7P	-3
cpd_2pglyc	2-Phosphoglycolate	C2H2O6P	-3
cpd_2shchc	2-Succinyl-6-hydroxy-2,4-cyclohexadiene-1-carboxylate	C11H10O6	-2
cpd_34hpp	3-(4-Hydroxyphenyl)pyruvate	C9H7O4	-1
cpd_3c2hmp	3-Carboxy-2-hydroxy-4-methylpentanoate	C7H10O5	-2
cpd_3c3hmp	3-Carboxy-3-hydroxy-4-methylpentanoate	C7H10O5	-2
cpd_3c4mop	3-Carboxy-4-methyl-2-oxopentanoate	C7H8O5	-2
cpd_3dhq	3-Dehydroquinate	C7H9O6	-1
cpd_3dhsk	3-Dehydroshikimate	C7H7O5	-1
cpd_3hmbcoa	(2S,3S)-3-Hydroxy-2-methylbutanoyl-CoA	C26H40N7O18P3S	-4
cpd_3hmp	3-Hydroxy-2-methylpropanoate	C4H7O3	-1
cpd_3htdACP	(3R)-3-Hydroxytetradecanoyl-[acyl-carrier protein]	C14H27O2X	-1
cpd_3ig3p	C'-(3-Indolyl)-glycerol 3-phosphate	C11H12NO6P	-2
cpd_3mb2coa	3-Methylbut-2-enoyl-CoA	C26H38N7O17P3S	-4
cpd_3mgcoa	3-Methylglutaconyl-CoA	C27H37N7O19P3S	-5
cpd_3mob	3-Methyl-2-oxobutanoate	C5H7O3	-1
cpd_3mop	(S)-3-Methyl-2-oxopentanoate	C6H9O3	-1
cpd_3ophb	3-Octaprenyl-4-hydroxybenzoate	C47H69O3	-1
cpd_3pg	3-Phospho-D-glycerate	C3H4O7P	-3
cpd_3php	3-Phosphohydroxypyruvate	C3H2O7P	-3
cpd_3psme	5-O-(1-Carboxyvinyl)-3-phosphoshikimate	C10H9O10P	-4
cpd_4abut	4-Aminobutanoate	C4H9NO2	0
cpd_4abz	4-Aminobenzoate	C7H6NO2	-1
cpd_4adcho	4-amino-4-deoxychorismate	C10H10NO5	-1
cpd_4ampm	4-Amino-2-methyl-5-phosphomethylpyrimidine	C6H8N3O4P	-2
cpd_4c2me	4-(cytidine 5'-diphospho)-2-C-methyl-D-erythritol	C14H23N3O14P2	-2
cpd_4fumacac	4-Fumarylacetoacetate	C8H6O6	-2
cpd_4hba	4-Hydroxy-benzyl alcohol	C7H8O2	0
cpd_4hbcoa	4-Hydroxybenzoyl-CoA	C28H36N7O18P3S	-4
cpd_4hbutcoa	4-Hydroxybutyryl-CoA	C25H38N7O18P3S	-4
cpd_4hbz	4-Hydroxybenzoate	C7H5O3	-1
cpd_4hdxbutn	4-Hydroxybutanoate	C4H7O3	-1
cpd_4izp	4-Imidazolone-5-propanoate	C6H7N2O3	-1
cpd_4mlacac	4-Maleylacetoacetate	C8H6O6	-2
cpd_4mop	4-Methyl-2-oxopentanoate	C6H9O3	-1
cpd_4mpetz	4-Methyl-5-(2-phosphoethyl)-thiazole	C6H8NO4PS	-2
cpd_4pasp	4-Phospho-L-aspartate	C4H6NO7P	-2
cpd_4per	4-Phospho-D-erythronate	C4H6O8P	-3
cpd_4ppan	D-4'-Phosphopantothenate	C9H15NO8P	-3
cpd_4ppcys	N-((R)-4-Phosphopantothenoyl)-L-cysteine	C12H20N2O9PS	-3
cpd_4r5au	4-(1-D-Ribitylamino)-5-aminouracil	C9H16N4O6	0
cpd_5678thh	(6R)-6-(L-erythro-1,2-Dihydroxypropyl)-5,6,7,8-tetrahydro-4a-hydroypterin	C9H14N4O3	0
cpd_5aizc	5-amino-1-(5-phospho-D-ribosyl)imidazole-4-carboxylate	C9H11N3O9P	-3
cpd_5aop	5-Amino-4-oxopentanoate	C5H9NO3	0
cpd_5aprbu	5-Amino-6-(5'-phosphoribitylamino)uracil	C9H15N4O9P	-2
cpd_5apru	5-Amino-6-(5'-phosphoribosylamino)uracil	C9H13N4O9P	-2
cpd_5caiz	5-phosphoribosyl-5-carboxyaminoimidazole	C9H11N3O9P	-3
cpd_5drib	5-Deoxy-D-ribose	C5H10O4	0
cpd_5mdr1p	5-Methylthio-5-deoxy-D-ribose 1-phosphate	C6H11O7PS	-2
cpd_5mdru1p	5-Methylthio-5-deoxy-D-ribulose 1-phosphate	C6H11O7PS	-2
cpd_5mta	5-Methylthioadenosine	C11H15N5O3S	0
cpd_5mthf	5-Methyltetrahydrofolate	C20H24N7O6	-1
cpd_5mthglu	5-Methyltetrahydropteroyltri-L-glutamate	C30H39N9O12	0
cpd_5mtr	5-Methylthio-D-ribose	C6H12O4S	0
cpd_5prdmbz	N1-(5-Phospho-alpha-D-ribosyl)-5,6-dimethylbenzimidazole	C14H17N2O7P	-2
cpd_6pgc	6-Phospho-D-gluconate	C6H10O10P	-3
cpd_6pgl	6-phospho-D-glucono-1,5-lactone	C6H9O9P	-2
cpd_78dhp	(6R)-6-(L-erythro-1,2-Dihydroxypropyl)-7,8-dihydro-6H-pterin	C9H12N4O2	0
cpd_8aonn	8-Amino-7-oxononanoate	C9H17NO3	0
cpd_ACP	acyl carrier protein	HX	-1
cpd_CrOH3	Cr(OH)3	CrO3H3	0
cpd_aacoa	Acetoacetyl-CoA	C25H36N7O18P3S	-4
cpd_ac	Acetate	C2H3O2	-1
cpd_acACP	Acetyl-ACP	C2H3OX	-1
cpd_acac	Acetoacetate	C4H5O3	-1
cpd_acald	Acetaldehyde	C2H4O	0
cpd_accoa	Acetyl-CoA	C23H34N7O17P3S	-4
cpd_acg5p	N-Acetyl-L-glutamyl 5-phosphate	C7H9NO8P	-3
cpd_acg5sa	N-Acetyl-L-glutamate 5-semialdehyde	C7H10NO4	-1
cpd_acgam	N-Acetyl-D-glucosamine	C8H15NO6	0
cpd_acgam1p	N-Acetyl-D-glucosamine 1-phosphate	C8H14NO9P	-2
cpd_acgam6p	N-Acetyl-D-glucosamine 6-phosphate	C8H14NO9P	-2
cpd_acglu	N-Acetyl-L-glutamate	C7H9NO5	-2
cpd_achms	O-Acetyl-L-homoserine	C6H11NO4	0
cpd_acmam	N-Acetyl-D-muramoate	C11H18NO8	-1
cpd_acmama	N-Acetyl-D-muramoyl-L-alanine	C14H23N2O9	-1
cpd_acorn	N2-Acetyl-L-ornithine	C7H14N2O3	0
cpd_acser	O-Acetyl-L-serine	C5H9NO4	0
cpd_actACP	Acetoacetyl-ACP	C4H5O2X	-1
cpd_actp	Acetyl phosphate	C2H3O5P	-2
cpd_adcoba	Adenosyl cobinamide	C58H84CoN16O11	1
cpd_adcobap	Adenosyl cobinamide phosphate	C58H83CoN16O14P	-1
cpd_adcobdam	Adenosyl cobyrinate diamide	C55H68CoN11O15	-4
cpd_adcobhex	adenosyl-cobyric acid	C55H76CoN15O11	0
cpd_ade	Adenine	C5H5N5	0
cpd_adgcoba	Adenosine-GDP-cobinamide	C68H95CoN21O21P2	-1
cpd_adn	Adenosine	C10H13N5O4	0
cpd_adp	ADP	C10H12N5O10P2	-3
cpd_adpglc	ADPglucose	C16H23N5O15P2	-2
cpd_adphep-DD	ADP-D-glycero-D-manno-heptose	C17H25N5O16P2	-2
cpd_agm	Agmatine	C5H16N4	2
cpd_agpe	acyl-glycerophosphoethanolamine	C6H13NO7PR	-1
cpd_ahcys	S-Adenosyl-L-homocysteine	C14H20N6O5S	0
cpd_ahdt	2-Amino-4-hydroxy-6-(erythro-1,2,3-trihydroxypropyl)dihydropteridine triphosphate	C9H12N5O13P3	-4
cpd_aicar	5-Amino-1-(5-Phospho-D-ribosyl)imidazole-4-carboxamide	C9H13N4O8P	-2
cpd_air	5-amino-1-(5-phospho-D-ribosyl)imidazole	C8H12N3O7P	-2
cpd_akg	2-Oxoglutarate	C5H4O5	-2
cpd_ala-B	beta-Alanine	C3H7NO2	0
cpd_ala-D	D-Alanine	C3H7NO2	0
cpd_ala-L	L-Alanine	C3H7NO2	0
cpd_alaala	D-Alanyl-D-alanine	C6H12N2O3	0
cpd_alac-S	(S)-2-Acetolactate	C5H7O4	-1
cpd_alatrna	L-Alanyl-tRNA(Ala)	C3H7NO2X	1
cpd_amet	S-Adenosyl-L-methionine	C15H23N6O5S	1
cpd_ametam	S-Adenosylmethioninamine	C14H24N6O3S	2
cpd_amob	S-Adenosyl-4-methylthio-2-oxobutanoate	C15H19N5O6S	0
cpd_amp	AMP	C10H12N5O7P	-2
cpd_anth	Anthranilate	C7H6NO2	-1
cpd_ap4a	P1,P4-Bis(5'-adenosyl) tetraphosphate	C20H24N10O19P4	-4
cpd_ap5a	P1,P5-Bis(5'-adenosyl) pentaphosphate	C20H24N10O22P5	-5
cpd_apoACP	apoprotein [acyl carrier protein]	RHO	0
cpd_aps	Adenosine 5'-phosphosulfate	C10H12N5O10PS	-2
cpd_ara5p	D-Arabinose 5-phosphate	C5H9O8P	-2
cpd_arg-L	L-Arginine	C6H15N4O2	1
cpd_argsuc	N(omega)-(L-Arginino)succinate	C10H17N4O6	-1
cpd_argtrna	L-Arginyl-tRNA(Arg)	C6H15N4O2X	2
cpd_arsna	Arsenate	AsHO4	-2
cpd_arsni2	arsenite	AsH3O3	0
cpd_asn-L	L-Asparagine	C4H8N2O3	0
cpd_asntrna	L-Asparaginyl-tRNA(Asn)	C4H8N2O3X	1
cpd_asp-L	L-Aspartate	C4H6NO4	-1
cpd_aspsa	L-Aspartate 4-semialdehyde	C4H7NO3	0
cpd_asptrna	L-Aspartyl-tRNA(Asp)	C4H6NO4X	0
cpd_atp	ATP	C10H12N5O13P3	-4
cpd_betald	Betaine aldehyde	C5H12NO	1
cpd_bgl	cellobiose	C12H22O11	0
cpd_btcoa	Butanoyl-CoA	C25H38N7O17P3S	-4
cpd_btn	Biotin	C10H15N2O3S	-1
cpd_but	Butyrate	C4H7O2	-1
cpd_ca2	Calcium	Ca	2
cpd_camp	cAMP	C10H11N5O6P	-1
cpd_cbasp	N-Carbamoyl-L-aspartate	C5H6N2O5	-2
cpd_cbi	Cobinamide	C48H72CoN11O8	0
cpd_cbl1	Cob(I)alamin	C62H88CoN13O14P	-1
cpd_cbp	Carbamoyl phosphate	CH2NO5P	-2
cpd_cdp	CDP	C9H12N3O11P2	-3
cpd_cdpdag	CDPdiacylglycerol	C14H17N3O15P2R2	-2
cpd_ch4s	Methanethiol	CH4S	0
cpd_chitin	chitin	C32H54N4O21	0
cpd_chitob	Chitobiose	C16H28N2O11	0
cpd_chol	choline	C5H14NO	1
cpd_chor	Chorismate	C10H8O6	-2
cpd_cinnm	trans-Cinnamate	C9H7O2	-1
cpd_cit	Citrate	C6H5O7	-3
cpd_citr-L	L-Citrulline	C6H13N3O3	0
cpd_ckdo	CMP-3-deoxy-D-manno-octulosonate	C17H24N3O15P	-2
cpd_ckdo8n	CMP-8-amino-3,8-dideoxy-D-manno-oct-2-ulosonic acid	C17H26N4O14P	-1
cpd_cl	Chloride	Cl	-1
cpd_cm	Chloramphenicol	C11H12Cl2N2O5	0
cpd_cmac	Chloramphenicol 3-acetate	C13H14Cl2N2O6	0
cpd_cmp	CMP	C9H12N3O8P	-2
cpd_co2	CO2	CO2	0
cpd_coa	Coenzyme A	C21H32N7O16P3S	-4
cpd_cobalt2	Co2+	Co	2
cpd_cobalt3	Co3+	Co	3
cpd_cobamcoa	Cobamide coenzyme	C72H100CoN18O17P	0
cpd_confald	Coniferaldehyde	C10H10O3	0
cpd_cpppg3	Coproporphyrinogen III	C36H40N4O8	-4
cpd_cro4	chromate	CrO4	-2
cpd_ctp	CTP	C9H12N3O14P3	-4
cpd_cu2	Cu2+	Cu	2
cpd_cyan	cyanide	HCN	0
cpd_cys-L	L-Cysteine	C3H7NO2S	0
cpd_cysth-L	L-Cystathionine	C7H14N2O4S	0
cpd_cystrna	L-Cysteinyl-tRNA(Cys)	C3H7NO2SX	1
cpd_cytd	Cytidine	C9H13N3O5	0
cpd_dad-2	Deoxyadenosine	C10H13N5O3	0
cpd_dad-5	5'-Deoxyadenosine	C10H13N5O3	0
cpd_dadp	dADP	C10H12N5O9P2	-3
cpd_damp	dAMP	C10H12N5O6P	-2
cpd_dann	7,8-Diaminononanoate	C9H21N2O2	1
cpd_datp	dATP	C10H12N5O12P3	-4
cpd_db4p	3,4-dihydroxy-2-butanone 4-phosphate	C4H7O6P	-2
cpd_dcamp	N6-(1,2-Dicarboxyethyl)-AMP	C14H14N5O11P	-4
cpd_dcdp	dCDP	C9H12N3O10P2	-3
cpd_dcmp	dCMP	C9H12N3O7P	-2
cpd_dctp	dCTP	C9H12N3O13P3	-4
cpd_dcyt	Deoxycytidine	C9H13N3O4	0
cpd_ddcaACP	Dodecanoyl-ACP (n-C12:0ACP)	C12H23OX	-1
cpd_dgdp	dGDP	C10H12N5O10P2	-3
cpd_dgmp	dGMP	C10H12N5O7P	-2
cpd_dgsn	Deoxyguanosine	C10H13N5O4	0
cpd_dgtp	dGTP	C10H12N5O13P3	-4
cpd_dhap	Dihydroxyacetone phosphate	C3H5O6P	-2
cpd_dhbpt	6,7-Dihydrobiopterin	C9H13N5O3	0
cpd_dhf	7,8-Dihydrofolate	C19H19N7O6	-2
cpd_dhna	1,4-Dihydroxy-2-naphthoate	C11H7O4	-1
cpd_dhnpt	2-Amino-4-hydroxy-6-(D-erythro-1,2,3-trihydroxypropyl)-7,8-dihydropteridine	C9H13N5O4	0
cpd_dhor-S	(S)-Dihydroorotate	C5H5N2O4	-1
cpd_dhpmp	Dihydroneopterin monophosphate	C9H12N5O7P	-2
cpd_dhpt	Dihydropteroate	C14H13N6O3	-1
cpd_dhptd	4,5-dihydroxy-2,3-pentanedione	C5H8O4	0
cpd_din	Deoxyinosine	C10H12N4O4	0
cpd_dkmpp	2,3-diketo5-methylthio-1-phosphopentane	C6H9O6PS	-2
cpd_dmbzid	5,6-Dimethylbenzimidazole	C9H10N2	0
cpd_dmlz	6,7-Dimethyl-8-(1-D-ribityl)lumazine	C13H18N4O6	0
cpd_dmpp	Dimethylallyl diphosphate	C5H9O7P2	-3
cpd_dms	Dimethyl sulfide	C2H6S	0
cpd_dmso	Dimethyl sulfoxide	C2H6OS	0
cpd_dna	DNA	C78H92N30O50P8	-10
cpd_dna_macro	DNA	C977H1127N373O600P100	-100
cpd_dnad	Deamino-NAD+	C21H24N6O15P2	-2
cpd_dodca	Dodecanoic acid	C12H23O2	-1
cpd_dodcan	Dodecanoic acid (neutral)	C12H24O2	0
cpd_dpcoa	Dephospho-CoA	C21H33N7O13P2S	-2
cpd_drib	Deoxyribose	C5H10O4	0
cpd_dtbt	Dethiobiotin	C10H17N2O3	-1
cpd_dtdp	dTDP	C10H13N2O11P2	-3
cpd_dtdp6dm	dTDP-6-deoxy-L-mannose	C16H24N2O15P2	-2
cpd_dtdpddg	dTDP-4-dehydro-6-deoxy-D-glucose	C16H22N2O15P2	-2
cpd_dtdpddm	dTDP-4-dehydro-6-deoxy-L-mannose	C16H22N2O15P2	-2
cpd_dtdpglc	dTDPglucose	C16H24N2O16P2	-2
cpd_dtmp	dTMP	C10H13N2O8P	-2
cpd_dttp	dTTP	C10H13N2O14P3	-4
cpd_dudp	dUDP	C9H11N2O11P2	-3
cpd_dump	dUMP	C9H11N2O8P	-2
cpd_duri	Deoxyuridine	C9H12N2O5	0
cpd_dutp	dUTP	C9H11N2O14P3	-4
cpd_dxyl5p	1-deoxy-D-xylulose 5-phosphate	C5H9O7P	-2
cpd_e4p	D-Erythrose 4-phosphate	C4H7O7P	-2
cpd_eig3p	D-erythro-1-(Imidazol-4-yl)glycerol 3-phosphate	C6H9N2O6P	-2
cpd_etha	Ethanolamine	C2H8NO	1
cpd_etoh	Ethanol	C2H6O	0
cpd_f6p	D-Fructose 6-phosphate	C6H11O9P	-2
cpd_fa1	Fatty acid (Iso-C14:0)	C14H27O2	-1
cpd_fa11	Fatty acid (Iso-C17:0)	C17H33O2	-1
cpd_fa11ACP	Iso-C17:0 ACP	C17H33O1X	-1
cpd_fa13	Iso-C13:0	C13H25O2	-1
cpd_fa13ACP	Iso-C13:0 ACP	C13H25OX	-1
cpd_fa14ACP	Fatty Acid (n-C5:0 ACP)	C5H9OX	-1
cpd_fa1ACP	Iso-C14:0 ACP	C14H27OX	-1
cpd_fa3	Fatty acid (Iso-C15:0)	C15H29O2	-1
cpd_fa3ACP	iso-C15:0 ACP	C15H29OX	-1
cpd_fa6	Fatty acid (iso-C16:0)	C16H31O2	-1
cpd_fa6ACP	Iso-C16:0 ACP	C16H31OX	-1
cpd_fa7ACP	Iso-C7:0 ACP	C7H13OX	-1
cpd_fa8ACP	Iso-C6:0 ACP	C6H11OX	-1
cpd_fad	FAD	C27H31N9O15P2	-2
cpd_fadh2	FADH2	C27H33N9O15P2	-2
cpd_fald	Formaldehyde	CH2O	0
cpd_fdp	D-Fructose 1,6-bisphosphate	C6H10O12P2	-4
cpd_fdxo-4:2	ferrodoxin (oxidized form 4:2)	Fe8S8X	0
cpd_fdxr-4:2	ferrodoxin (reduced form 4:2)	Fe8S8X	-2
cpd_fe2	Fe2+	Fe	2
cpd_fe3	Fe3+	Fe	3
cpd_fgam	N2-Formyl-N1-(5-phospho-D-ribosyl)glycinamide	C8H13N2O9P	-2
cpd_fglut-S	S-Formylglutathione	C11H16N3O7S	-1
cpd_ficytcc	Ferricytochrome c	C42H50FeN8O6S2	3
cpd_fmettrna	N-Formylmethionyl-tRNA	C6H11NO3SX	1
cpd_fmn	flavin mononucleotide	C17H19N4O9P	-2
cpd_fmnRD	flavin mononucleotide reduced	C17H21N4O9P	-2
cpd_focytcc	Ferrocytochrome c	C42H50FeN8O6S2	2
cpd_for	Formate	CH1O2	-1
cpd_forglu	N-Formimidoyl-L-glutamate	C6H9N2O4	-1
cpd_fpram	2-(Formamido)-N1-(5-phospho-D-ribosyl)acetamidine	C8H14N3O8P	-2
cpd_fprica	5-Formamido-1-(5-phospho-D-ribosyl)imidazole-4-carboxamide	C10H13N4O9P	-2
cpd_frdp	Farnesyl diphosphate	C15H25O7P2	-3
cpd_frlt	Ferulate	C10H9O4	-1
cpd_frmd	Formamide	CH3NO	0
cpd_fum	Fumarate	C4H2O4	-2
cpd_g1p	D-Glucose 1-phosphate	C6H11O9P	-2
cpd_g3p	Glyceraldehyde 3-phosphate	C3H5O6P	-2
cpd_g3pe	sn-Glycero-3-phosphoethanolamine	C5H14NO6P	0
cpd_g3pg	Glycerophosphoglycerol	C6H14O8P	-1
cpd_g6p	D-Glucose 6-phosphate	C6H11O9P	-2
cpd_gal	D-Galactose	C6H12O6	0
cpd_galactan	Galactan	C12H22O11	0
cpd_gal1p	alpha-D-Galactose 1-phosphate	C6H11O9P	-2
cpd_gam1p	D-Glucosamine 1-phosphate	C6H13NO8P	-1
cpd_gam6p	D-Glucosamine 6-phosphate	C6H13NO8P	-1
cpd_gar	N1-(5-Phospho-D-ribosyl)glycinamide	C7H14N2O8P	-1
cpd_gcald	Glycolaldehyde	C2H4O2	0
cpd_gdp	GDP	C10H12N5O11P2	-3
cpd_gdpdp	Guanosine 3',5'-bis(diphosphate)	C10H11N5O17P4	-6
cpd_gdptp	Guanosine 3'-diphosphate 5'-triphosphate	C10H11N5O20P5	-7
cpd_ggdp	Geranylgeranyl diphosphate	C20H33O7P2	-3
cpd_ggluaba	gammaglutamyl-gamma-aminobutyraldehyde	C9H16N2O4	0
cpd_ggluabt	gammaglutamyl-gamma-aminobutyrate	C9H15N2O5	-1
cpd_ggluptrc	gammaglutamyl putrescine	C9H20N3O3	1
cpd_glc-D	D-Glucose	C6H12O6	0
cpd_gln-L	L-Glutamine	C5H10N2O3	0
cpd_glntrna	L-Glutaminyl-tRNA(Gln)	C5H10N2O3X	1
cpd_glu-D	D-Glutamate	C5H8NO4	-1
cpd_glu-L	L-Glutamate	C5H8NO4	-1
cpd_glu-asp-L	glutamyl-L-aspartic acid	C9H12N2O7	-2
cpd_glu1sa	L-Glutamate 1-semialdehyde	C5H9NO3	0
cpd_glu5p	L-Glutamate 5-phosphate	C5H8NO7P	-2
cpd_glu5sa	L-Glutamate 5-semialdehyde	C5H9NO3	0
cpd_glucys	gamma-L-Glutamyl-L-cysteine	C8H13N2O5S	-1
cpd_glutrna	L-Glutamyl-tRNA(Glu)	C5H8NO4X	0
cpd_glx	Glyoxylate	C2H1O3	-1
cpd_gly	Glycine	C2H5NO2	0
cpd_gly-asp-L	glycyl-L-aspartic acid	C6H9N2O5	-1
cpd_gly-glu-L	glycyl-L-glutamic acid	C7H11N2O5	-1
cpd_glyb	Glycine betaine	C5H11NO2	0
cpd_glyc	Glycerol	C3H8O3	0
cpd_glyc-R	(R)-Glycerate	C3H5O4	-1
cpd_glyc3p	sn-Glycerol 3-phosphate	C3H7O6P	-2
cpd_glyclt	Glycolate	C2H3O3	-1
cpd_glycogen	glycogen	C6H10O5	0
cpd_glytrna	Glycyl-tRNA(Gly)	C2H5NO2X	1
cpd_gmh17bp	D-Glycero-D-manno-heptose 1,7-bisphosphate	C7H12O13P2	-4
cpd_gmh1p	D-Glycero-D-manno-heptose 1-phosphate	C7H13O10P	-2
cpd_gmh7p	D-Glycero-D-manno-heptose 7-phosphate	C7H13O10P	-2
cpd_gmp	GMP	C10H12N5O8P	-2
cpd_gp4g	P1,P4-Bis(5'-guanosyl) tetraphosphate	C20H24N10O21P4	-4
cpd_grdp	Geranyl diphosphate	C10H17O7P2	-3
cpd_gsn	Guanosine	C10H13N5O5	0
cpd_gthox	Oxidized glutathione	C20H30N6O12S2	-2
cpd_gthrd	Reduced glutathione	C10H16N3O6S	-1
cpd_gtp	GTP	C10H12N5O14P3	-4
cpd_gua	Guanine	C5H5N5O	0
cpd_h	H+	H	1
cpd_h2	H2	H2	0
cpd_h2mb4p	1-hydroxy-2-methyl-2-(E)-butenyl 4-diphosphate	C5H9O8P2	-3
cpd_h2o	H2O	H2O	0
cpd_h2o2	Hydrogen peroxide	H2O2	0
cpd_h2s	Hydrogen sulfide	HS	-1
cpd_hco3	Bicarbonate	CHO3	-1
cpd_hcys-L	L-Homocysteine	C4H9NO2S	0
cpd_hdca	hexadecanoate (n-C16:0)	C16H31O2	-1
cpd_hdcan	hexadecanoate (n-C16:0) (neutral)	C16H32O2	0
cpd_hdcea	hexadecenoate (n-C16:1)	C16H29O2	-1
cpd_hdeACP	Hexadecenoyl-ACP (n-C16:1ACP)	C16H29OX	-1
cpd_hemeO	Heme O	C49H56FeN4O5	-2
cpd_hepdp	all-trans-Heptaprenyl diphosphate	C35H57O7P2	-3
cpd_hexdp	all-trans-Hexaprenyl diphosphate	C30H49O7P2	-3
cpd_hgentis	Homogentisate	C8H7O4	-1
cpd_hibcoa	3-Hydroxyisobutyryl-CoA	C25H39N7O18P3S	-3
cpd_his-L	L-Histidine	C6H9N3O2	0
cpd_hisp	L-Histidinol phosphate	C6H11N3O4P	-1
cpd_histd	L-Histidinol	C6H12N3O	1
cpd_histrna	L-Histidyl-tRNA(His)	C6H9N3O2X	1
cpd_hmbil	Hydroxymethylbilane	C40H38N4O17	-8
cpd_hmgcoa	Hydroxymethylglutaryl-CoA	C27H39N7O20P3S	-5
cpd_hmglut-S	S-(Hydroxymethyl)glutathione	C11H18N3O7S	-1
cpd_hom-L	L-Homoserine	C4H9NO3	0
cpd_hpdACP	heptadecanoyl-ACP (n-C17:0ACP)	C17H33OX	-1
cpd_hpdca	heptadecanoate (n-C17:0)	C17H33O2	-1
cpd_hpde	heptadecenoate (n-C17:1)	C17H31O2	-1
cpd_hpdeACP	heptadecenoyl ACP (C17:1ACP)	C17H31OX	-1
cpd_hpyr	Hydroxypyruvate	C3H3O4	-1
cpd_hxan	Hypoxanthine	C5H4N4O	0
cpd_iasp	Iminoaspartate	C4H3NO4	-2
cpd_ibcoa	Isobutyryl-CoA	C25H38N7O17P3S	-4
cpd_ichor	Isochorismate	C10H8O6	-2
cpd_icit	Isocitrate	C6H5O7	-3
cpd_idp	IDP	C10H11N4O11P2	-3
cpd_ile-L	L-Isoleucine	C6H13NO2	0
cpd_iletrna	L-Isoleucyl-tRNA(Ile)	C6H13NO2X	1
cpd_imacp	3-(Imidazol-4-yl)-2-oxopropyl phosphate	C6H8N2O5P	-1
cpd_imp	IMP	C10H11N4O8P	-2
cpd_indole	Indole	C8H7N	0
cpd_inoshp	myo-Inositol hexakisphosphate	C6H6O24P6	-12
cpd_inospp1	1D-myo-inositol 1,3,4,5,6-pentakisphosphate	C6H7O21P5	-10
cpd_inost	myo-Inositol	C6H12O6	0
cpd_ins	Inosine	C10H12N4O5	0
cpd_ipdp	Isopentenyl diphosphate	C5H9O7P2	-3
cpd_itp	ITP	C10H11N4O14P3	-4
cpd_ivcoa	Isovaleryl-CoA	C26H40N7O17P3S	-4
cpd_k	K+	K	1
cpd_kdo	3-Deoxy-D-manno-2-octulosonate	C8H13O8	-1
cpd_kdo8nlipa	Kdo8N-lipid (A)	C102H187N3O31P2	-4
cpd_kdo8nlipid4	Kdo8N-lipid IV(A)	C76H139N3O29P2	-4
cpd_kdo8nlipid4L	Kdo8N-lipid IV(A) with laurate	C88H161N3O30P2	-4
cpd_kdo8p	3-Deoxy-D-manno-octulosonate 8-phosphate	C8H12O11P	-3
cpd_lac-D	D-Lactate	C3H5O3	-1
cpd_lac-L	L-Lactate	C3H5O3	-1
cpd_lami	laminarin	C24H42O21	0
cpd_leu-L	L-Leucine	C6H13NO2	0
cpd_leutrna	L-Leucyl-tRNA(Leu)	C6H13NO2X	1
cpd_lgt-S	(R)-S-Lactoylglutathione	C13H20N3O8S	-1
cpd_lipidA	2,3-Bis(3-hydroxytetradecanoyl)-D-glucosaminyl-1,6-beta-D-2,3-bis(3-hydroxytetradecanoyl)-beta-D-glucosaminyl 1-phosphate	C68H126N2O23P2	-4
cpd_lipidAds	Lipid A Disaccharide	C68H127N2O20P	-2
cpd_lipidX	2,3-Bis(3-hydroxytetradecanoyl)-beta-D-glucosaminyl 1-phosphate	C34H64NO12P	-2
cpd_lps_Core	lps (general)	C127H228N3O58P4	-7
cpd_lys-L	L-Lysine	C6H15N2O2	1
cpd_lystrna	L-Lysine-tRNA (Lys)	C6H15N2O2X	2
cpd_mal-L	L-Malate	C4H4O5	-2
cpd_malACP	Malonyl-[acyl-carrier protein]	C3H2O3X	-2
cpd_malcoa	Malonyl-CoA	C24H33N7O19P3S	-5
cpd_panose	Panose	C18H32O16	0
cpd_malt	Maltose	C12H22O11	0
cpd_malthp	Maltoheptaose	C42H72O36	0
cpd_malthx	Maltohexaose	C36H62O31	0
cpd_maltpt	Maltopentaose	C30H52O26	0
cpd_malttr	Maltotriose	C18H32O16	0
cpd_maltttr	Maltotetraose	C24H42O21	0
cpd_man1p	D-Mannose 1-phosphate	C6H11O9P	-2
cpd_man6p	D-Mannose 6-phosphate	C6H11O9P	-2
cpd_mercppyr	Mercaptopyruvate	C3H3O3S	-1
cpd_met-L	L-Methionine	C5H11NO2S	0
cpd_methf	5,10-Methenyltetrahydrofolate	C20H20N7O6	-1
cpd_mettrna	L-Methionyl-tRNA (Met)	C5H11NO2SX	1
cpd_mg2	Mg	Mg	2
cpd_mi1p-D	1D-myo-Inositol 1-phosphate	C6H11O9P	-2
cpd_micit	Methylisocitrate	C7H7O7	-3
cpd_mlthf	5,10-Methylenetetrahydrofolate	C20H21N7O6	-2
cpd_mmalsa	(S)-Methylmalonate semialdehyde	C4H5O3	-1
cpd_mmql7	methymenaquinol 7	C47H68O2	0
cpd_mmqn7	methylmenaquinone 7	C47H66O2	0
cpd_mn2	Mn2+	Mn	2
cpd_mn4o	Manganese(IV) oxide	MnO2	0
cpd_mobd	Molybdate	MoO4	-2
cpd_mql7	Menaquinol 7	C46H66O2	0
cpd_mqn7	Menaquinone 7	C46H64O2	0
cpd_mthgxl	Methylglyoxal	C3H4O2	0
cpd_myrsACP	Myristoyl-ACP (n-C14:0ACP)	C14H27OX	-1
cpd_na1	Sodium	Na	1
cpd_nac	Nicotinate	C6H4NO2	-1
cpd_nad	Nicotinamide adenine dinucleotide	C21H26N7O14P2	-1
cpd_nadh	Nicotinamide adenine dinucleotide - reduced	C21H27N7O14P2	-2
cpd_nadp	Nicotinamide adenine dinucleotide phosphate	C21H25N7O17P3	-3
cpd_nadph	Nicotinamide adenine dinucleotide phosphate - reduced	C21H26N7O17P3	-4
cpd_nh4	Ammonium	H4N	1
cpd_ni2	Ni2+	Ni	2
cpd_nicrnt	Nicotinate D-ribonucleotide	C11H12NO9P	-2
cpd_nmn	NMN	C11H14N2O8P	-1
cpd_no	Nitric oxide	NO	0
cpd_no2	Nitrite	NO2	-1
cpd_no3	Nitrate	NO3	-1
cpd_o2	O2	O2	0
cpd_o2-	Superoxide	O2	-1
cpd_oaa	Oxaloacetate	C4H2O5	-2
cpd_ocdACP	Octadecanoyl-ACP (n-C18:0ACP)	C18H35OX	-1
cpd_ocdca	octadecanoate (n-C18:0)	C18H35O2	-1
cpd_ocdcan	octadecanoate (n-C18:0) neutral	C18H36O2	0
cpd_ocdcea	octadecenoate (n-C18:1)	C18H33O2	-1
cpd_octdp	all-trans-Octaprenyl diphosphate	C40H65O7P2	-3
cpd_octeACP	Octadecenoyl-ACP (n-C18:1ACP)	C18H33OX	-1
cpd_ohpb	2-Oxo-3-hydroxy-4-phosphobutanoate	C4H4O8P	-3
cpd_orn-L	L-Ornithine	C5H13N2O2	1
cpd_orot	Orotate	C5H3N2O4	-1
cpd_orot5p	Orotidine 5'-phosphate	C10H10N2O11P	-3
cpd_palmACP	Palmitoyl-ACP (n-C16:0ACP)	C16H31OX	-1
cpd_pan4p	Pantetheine 4'-phosphate	C11H21N2O7PS	-2
cpd_pant-R	(R)-Pantoate	C6H11O4	-1
cpd_pap	Adenosine 3',5'-bisphosphate	C10H11N5O10P2	-4
cpd_paps	3'-Phosphoadenylyl sulfate	C10H11N5O13P2S	-4
cpd_pdACP	pentadecanoyl-ACP (n-C15:0ACP)	C15H29OX	-1
cpd_pde	pentadecenoate (n-C15:1)	C15H27O2	-1
cpd_pdeACP	pentadecenoyl-ACP (C15:1ACP)	C15H27OX	-1
cpd_pdx5p	Pyridoxine 5'-phosphate	C8H10NO6P	-2
cpd_pe	Phosphatidylethanolamine	C7H12NO8PR2	0
cpd_pendp	all-trans-Pentaprenyl diphosphate	C25H41O7P2	-3
cpd_pep	Phosphoenolpyruvate	C3H2O6P	-3
cpd_peptido_ec	Peptidoglycan subunit of Escherichia coli	C40H62N8O21	-2
cpd_peptx	Peptidoglycan subunit crosslinked	C37H55N7O19	-2
cpd_pgly	Phosphatidylglycerol	C8H12O10PR2	-1
cpd_pglyp	Phosphatidylglycerophosphate	C8H11O13P2R2	-3
cpd_phe-L	L-Phenylalanine	C9H11NO2	0
cpd_pheme	Protoheme	C34H31FeN4O4	-1
cpd_phetrna	L-Phenylalanyl-tRNA(Phe)	C9H11NO2X	1
cpd_phn	phosphonate	HO3P	-2
cpd_phnac	Phosphonoacetate	C2H2O5P	-3
cpd_phom	O-Phospho-L-homoserine	C4H8NO6P	-2
cpd_phpyr	Phenylpyruvate	C9H7O3	-1
cpd_phthr	O-Phospho-4-hydroxy-L-threonine	C4H8NO7P	-2
cpd_pi	Phosphate	HO4P	-2
cpd_pmcoa	Pimeloyl-CoA	C28H41N7O19P3S	-5
cpd_pnto-R	(R)-Pantothenate	C9H16NO5	-1
cpd_ppa	Propionate	C3H5O2	-1
cpd_ppbng	Porphobilinogen	C10H13N2O4	-1
cpd_ppcoa	Propanoyl-CoA	C24H36N7O17P3S	-4
cpd_pphn	Prephenate	C10H8O6	-2
cpd_ppi	Diphosphate	HO7P2	-3
cpd_ppp9	Protoporphyrin	C34H32N4O4	-2
cpd_pppg9	Protoporphyrinogen IX	C34H38N4O4	-2
cpd_pppi	Inorganic triphosphate	HO10P3	-4
cpd_pram	5-Phospho-beta-D-ribosylamine	C5H11NO7P	-1
cpd_pran	N-(5-Phospho-D-ribosyl)anthranilate	C12H13NO9P	-3
cpd_prbamp	1-(5-Phosphoribosyl)-AMP	C15H19N5O14P2	-4
cpd_prbatp	1-(5-Phosphoribosyl)-ATP	C15H19N5O20P4	-6
cpd_prfp	1-(5-Phosphoribosyl)-5-[(5-phosphoribosylamino)methylideneamino]imidazole-4-carboxamide	C15H22N5O15P2	-3
cpd_prlp	5-[(5-phospho-1-deoxyribulos-1-ylamino)methylideneamino]-1-(5-phosphoribosyl)imidazole-4-carboxamide	C15H22N5O15P2	-3
cpd_pro-L	L-Proline	C5H9NO2	0
cpd_protein	protein	C47395H74290N13364O15024S364	-318
cpd_protrna	L-Prolyl-tRNA(Pro)	C5H9NO2X	1
cpd_prpp	5-Phospho-alpha-D-ribose 1-diphosphate	C5H8O14P3	-5
cpd_ps	Phosphatidylserine	C8H11NO10PR2	-1
cpd_psd5p	Pseudouridine 5'-phosphate	C9H11N2O9P	-2
cpd_pser-L	O-Phospho-L-serine	C3H6NO6P	-2
cpd_ptdca	pentadecanoate (n-C15:0)	C15H29O2	-1
cpd_ptrc	Putrescine	C4H14N2	2
cpd_pyam5p	Pyridoxamine 5'-phosphate	C8H11N2O5P	-2
cpd_pydx5p	Pyridoxal 5'-phosphate	C8H7NO6P	-3
cpd_pyr	Pyruvate	C3H3O3	-1
cpd_quln	Quinolinate	C7H3NO4	-2
cpd_r1p	alpha-D-Ribose 1-phosphate	C5H9O8P	-2
cpd_r5p	alpha-D-Ribose 5-phosphate	C5H9O8P	-2
cpd_rb15bp	D-Ribulose 1,5-bisphosphate	C5H8O11P2	-4
cpd_rdmbzi	N1-(alpha-D-ribosyl)-5,6-dimethylbenzimidazole	C14H18N2O4	0
cpd_rhcys	S-Ribosyl-L-homocysteine	C9H17NO6S	0
cpd_rib-d	D-Ribose	C5H10O5	0
cpd_ribflv	Riboflavin	C17H20N4O6	0
cpd_rna	RNA	C950H1073N373O700P100	-100
cpd_ru5p-D	D-Ribulose 5-phosphate	C5H9O8P	-2
cpd_s7p	Sedoheptulose 7-phosphate	C7H13O10P	-2
cpd_sbzcoa	O-Succinylbenzoyl-CoA	C32H39N7O20P3S	-5
cpd_seln	Selenide	HSe	-1
cpd_selnp	Selenophosphate	H2O3PSe	-1
cpd_ser-L	L-Serine	C3H7NO3	0
cpd_sertrna	L-Seryl-tRNA(Ser)	C3H7NO3X	1
cpd_shcl	dihydrosirohydrochlorin	C42H40N4O16	-8
cpd_sheme	Siroheme	C42H36FeN4O16	-8
cpd_skm	Shikimate	C7H9O5	-1
cpd_skm5p	Shikimate 5-phosphate	C7H8O8P	-3
cpd_sl26da	N-Succinyl-LL-2,6-diaminoheptanedioate	C11H16N2O7	-2
cpd_sl2a6o	N-Succinyl-2-L-amino-6-oxoheptanedioate	C11H12NO8	-3
cpd_slcys	S-Sulfo-L-cysteine	C3H6NO5S2	-1
cpd_so3	Sulfite	O3S	-2
cpd_so4	Sulfate	O4S	-2
cpd_spmd	Spermidine	C7H22N3	3
cpd_sprm	Spermine	C10H30N4	4
cpd_srch	sirohydrochlorin	C42H38N4O16	-8
cpd_ssaltpp	Succinate semialdehyde-thiamin diphosphate anion	C16H22N4O10P2S	-2
cpd_sucarg	N2-Succinyl-L-arginine	C10H17N4O5	-1
cpd_sucbz	o-Succinylbenzoate	C11H8O5	-2
cpd_succ	Succinate	C4H4O4	-2
cpd_succoa	Succinyl-CoA	C25H35N7O19P3S	-5
cpd_sucglu	N2-Succinyl-L-glutamate	C9H10NO7	-3
cpd_sucgsa	N2-Succinyl-L-glutamate 5-semialdehyde	C9H11NO6	-2
cpd_suchms	O-Succinyl-L-homoserine	C8H12NO6	-1
cpd_sucorn	N2-Succinyl-L-ornithine	C9H15N2O5	-1
cpd_sucsal	Succinic semialdehyde	C4H5O3	-1
cpd_tcynt	Thiocyanate	CNS	-1
cpd_thbpt	Tetrahydrobiopterin	C9H15N5O3	0
cpd_thdp	2,3,4,5-Tetrahydrodipicolinate	C7H7NO4	-2
cpd_thf	5,6,7,8-Tetrahydrofolate	C19H21N7O6	-2
cpd_thglu	Tetrahydropteroyltri-L-glutamate	C29H37N9O12	0
cpd_thm	Thiamin	C12H17N4OS	1
cpd_thmmp	Thiamin monophosphate	C12H16N4O4PS	-1
cpd_thmpp	Thiamine diphosphate	C12H16N4O7P2S	-2
cpd_thr-L	L-Threonine	C4H9NO3	0
cpd_thr-LA	L-Allo-threonine	C4H9NO3	0
cpd_thrtrna	L-Threonyl-tRNA(Thr)	C4H9NO3X	1
cpd_thym	Thymine	C5H6N2O2	0
cpd_thymd	Thymidine	C10H14N2O5	0
cpd_tma	Trimethylamine	C3H10N	1
cpd_tmao	Trimethylamine N-oxide	C3H9NO	0
cpd_trdox	Oxidized thioredoxin	X	0
cpd_trdrd	Reduced thioredoxin	XH2	0
cpd_trnaala	tRNA(Ala)	HOX	0
cpd_trnaarg	tRNA(Arg)	HOX	0
cpd_trnaasn	tRNA(Asn)	HOX	0
cpd_trnaasp	tRNA(Asp)	HOX	0
cpd_trnacys	tRNA(Cys)	HOX	0
cpd_trnagln	tRNA(Gln)	HOX	0
cpd_trnaglu	tRNA (Glu)	HOX	0
cpd_trnagly	tRNA(Gly)	HOX	0
cpd_trnahis	tRNA(His)	HOX	0
cpd_trnaile	tRNA(Ile)	HOX	0
cpd_trnaleu	tRNA(Leu)	HOX	0
cpd_trnalys	tRNA(Lys)	HOX	0
cpd_trnamet	tRNA(Met)	HOX	0
cpd_trnaphe	tRNA(Phe)	HOX	0
cpd_trnapro	tRNA(Pro)	HOX	0
cpd_trnaser	tRNA(Ser)	HOX	0
cpd_trnathr	tRNA(Thr)	HOX	0
cpd_trnatrp	tRNA(Trp)	HOX	0
cpd_trnatyr	tRNA(Tyr)	HOX	0
cpd_trnaval	tRNA(Val)	HOX	0
cpd_trp-L	L-Tryptophan	C11H12N2O2	0
cpd_trptrna	L-Tryptophanyl-tRNA(Trp)	C11H12N2O2X	1
cpd_tsul	Thiosulfate	O3S2	-2
cpd_ttdcan	tetradecanoate (C14:0) (neutral)	C14H28O2	0
cpd_tttnt	tetrathionate	O6S4	-2
cpd_tyr-L	L-Tyrosine	C9H11NO3	0
cpd_tyrtrna	L-Tyrosyl-tRNA(Tyr)	C9H11NO3X	1
cpd_u23ga	UDP-2,3-bis(3-hydroxytetradecanoyl)glucosamine	C43H75N3O20P2	-2
cpd_u3aga	UDP-3-O-(3-hydroxytetradecanoyl)-N-acetylglucosamine	C31H51N3O19P2	-2
cpd_u3hga	UDP-3-O-(3-hydroxytetradecanoyl)-D-glucosamine	C29H50N3O18P2	-1
cpd_uaagmda	Undecaprenyl-diphospho-N-acetylmuramoyl-(N-acetylglucosamine)-L-alanyl-D-glutamyl-meso-2,6-diaminopimeloyl-D-alanyl-D-alanine	C95H152N8O28P2	-4
cpd_uaccg	UDP-N-acetyl-3-O-(1-carboxyvinyl)-D-glucosamine	C20H26N3O19P2	-3
cpd_uacgala	UDP-N-acetyl-D-galactosamine	C17H25N3O17P2	-2
cpd_uacgam	UDP-N-acetyl-D-glucosamine	C17H25N3O17P2	-2
cpd_uagmda	Undecaprenyl-diphospho-N-acetylmuramoyl-L-alanyl-D-glutamyl-meso-2,6-diaminopimeloyl-D-alanyl-D-alanine	C87H139N7O23P2	-4
cpd_uagnr	UDP-N-acetyl-D-galactosaminuronic acid	C17H22N3O18P2	-3
cpd_uama	UDP-N-acetylmuramoyl-L-alanine	C23H33N4O20P2	-3
cpd_uamag	UDP-N-acetylmuramoyl-L-alanyl-D-glutamate	C28H39N5O23P2	-4
cpd_uamr	UDP-N-acetylmuramate	C20H28N3O19P2	-3
cpd_ubq8	Ubiquinone-8	C49H74O4	0
cpd_ubq8h2	Ubiquinol-8	C49H76O4	0
cpd_udcpdp	Undecaprenyl diphosphate	C55H89O7P2	-3
cpd_udcpp	Undecaprenyl phosphate	C55H89O4P	-2
cpd_udp	UDP	C9H11N2O12P2	-3
cpd_udpg	UDPglucose	C15H22N2O17P2	-2
cpd_udpgal	UDPgalactose	C15H22N2O17P2	-2
cpd_ugmd	UDP-N-acetylmuramoyl-L-alanyl-D-gamma-glutamyl-meso-2,6-diaminopimelate	C35H51N7O26P2	-4
cpd_ugmda	UDP-N-acetylmuramoyl-L-alanyl-D-glutamyl-meso-2,6-diaminopimeloyl-D-alanyl-D-alanine	C41H61N9O28P2	-4
cpd_ump	UMP	C9H11N2O9P	-2
cpd_dialu	Dialuric Acid	C4H4N2O4	0
cpd_uppg3	Uroporphyrinogen III	C40H36N4O16	-8
cpd_ura	Uracil	C4H4N2O2	0
cpd_urcan	Urocanate	C6H5N2O2	-1
cpd_urdio	Uranium dioxide	UO2	0
cpd_urea	Urea	CH4N2O	0
cpd_uri	Uridine	C9H12N2O6	0
cpd_urnyl	Uranyl	UO2	2
cpd_utp	UTP	C9H11N2O15P3	-4
cpd_val-L	L-Valine	C5H11NO2	0
cpd_valtrna	L-Valyl-tRNA(Val)	C5H11NO2X	1
cpd_wo4	tungstate	WO4	-2
cpd_xan	Xanthine	C5H4N4O2	0
cpd_xmp	Xanthosine 5'-phosphate	C10H11N4O9P	-2
cpd_xtsn	Xanthosine	C10H12N4O6	0
cpd_xu5p-D	D-Xylulose 5-phosphate	C5H9O8P	-2
cpd_epa	EPA	C20H29O1X	-1
